"DESCRIPTION","DURATION IN MS","NAME","PARENT SUITE","START TIME","STATUS","STOP TIME","SUB SUITE","SUITE","TEST CLASS","TEST METHOD"
"","31234","should mock 3rd party API with MSW","firefox","Mon Sep 08 20:37:58 PDT 2025","broken","Mon Sep 08 20:38:29 PDT 2025","","msw-demo.spec.ts","",""
"","30264","should mock 3rd party API with MSW","chromium","Mon Sep 08 20:37:58 PDT 2025","broken","Mon Sep 08 20:38:28 PDT 2025","","msw-demo.spec.ts","",""
"","2253","should mock 3rd party API with Playwright page.route","chromium","Mon Sep 08 20:37:58 PDT 2025","passed","Mon Sep 08 20:38:00 PDT 2025","","playwright-mock-demo.spec.ts","",""
"","30092","should mock 3rd party API with MSW","webkit","Mon Sep 08 20:38:27 PDT 2025","broken","Mon Sep 08 20:38:57 PDT 2025","","msw-demo.spec.ts","",""
"","20150","should add pliers to cart and verify cart increment and toaster","firefox","Mon Sep 08 20:37:58 PDT 2025","passed","Mon Sep 08 20:38:18 PDT 2025","Hand Tools - Add Pliers to Cart","add-pliers-to-cart.spec.ts","",""
"","14213","should add pliers to cart and verify cart increment and toaster","webkit","Mon Sep 08 20:38:11 PDT 2025","passed","Mon Sep 08 20:38:25 PDT 2025","Hand Tools - Add Pliers to Cart","add-pliers-to-cart.spec.ts","",""
"","1959","should mock 3rd party API with Playwright page.route","webkit","Mon Sep 08 20:38:27 PDT 2025","passed","Mon Sep 08 20:38:29 PDT 2025","","playwright-mock-demo.spec.ts","",""
"","8225","should mock 3rd party API with Playwright page.route","firefox","Mon Sep 08 20:37:58 PDT 2025","passed","Mon Sep 08 20:38:06 PDT 2025","","playwright-mock-demo.spec.ts","",""
"","13223","should add pliers to cart and verify cart increment and toaster","chromium","Mon Sep 08 20:37:58 PDT 2025","passed","Mon Sep 08 20:38:11 PDT 2025","Hand Tools - Add Pliers to Cart","add-pliers-to-cart.spec.ts","",""
